11-20-2024 22:28:52 RAM 2303/7620MB (lfb 3x4MB) SWAP 0/3810MB (cached 0MB) CPU [12%@1510,9%@1510,100%@1510,28%@1510,31%@1497,29%@1497] GR3D_FREQ 40% cpu@44.531C soc2@43.531C soc0@42.687C gpu@44.906C tj@44.906C soc1@42.531C VDD_IN 5555mW/5555mW VDD_CPU_GPU_CV 1703mW/1703mW VDD_SOC 1547mW/1547mW
11-20-2024 22:28:53 RAM 2303/7620MB (lfb 3x4MB) SWAP 0/3810MB (cached 0MB) CPU [25%@1510,32%@1510,100%@1510,10%@1510,3%@729,36%@729] GR3D_FREQ 44% cpu@44.843C soc2@43.625C soc0@42.906C gpu@44.843C tj@44.843C soc1@42.687C VDD_IN 5634mW/5595mW VDD_CPU_GPU_CV 1782mW/1743mW VDD_SOC 1547mW/1547mW
11-20-2024 22:28:54 RAM 2304/7620MB (lfb 3x4MB) SWAP 0/3810MB (cached 0MB) CPU [16%@1510,31%@1510,71%@1510,59%@1510,40%@1510,6%@1510] GR3D_FREQ 18% cpu@44.937C soc2@43.687C soc0@42.843C gpu@44.843C tj@44.937C soc1@42.5C VDD_IN 5674mW/5621mW VDD_CPU_GPU_CV 1782mW/1756mW VDD_SOC 1547mW/1547mW
11-20-2024 22:28:55 RAM 2304/7620MB (lfb 3x4MB) SWAP 0/3810MB (cached 0MB) CPU [18%@1510,56%@1510,7%@1510,24%@1510,100%@1510,1%@1510] GR3D_FREQ 32% cpu@45.375C soc2@43.687C soc0@42.843C gpu@44.75C tj@45.375C soc1@42.625C VDD_IN 5634mW/5624mW VDD_CPU_GPU_CV 1782mW/1762mW VDD_SOC 1547mW/1547mW
11-20-2024 22:28:56 RAM 2304/7620MB (lfb 3x4MB) SWAP 0/3810MB (cached 0MB) CPU [26%@729,22%@729,47%@1510,16%@1510,100%@1510,11%@1510] GR3D_FREQ 70% cpu@44.781C soc2@43.656C soc0@42.906C gpu@45.093C tj@45.093C soc1@42.718C VDD_IN 5594mW/5618mW VDD_CPU_GPU_CV 1703mW/1750mW VDD_SOC 1547mW/1547mW
11-20-2024 22:28:57 RAM 2305/7620MB (lfb 3x4MB) SWAP 0/3810MB (cached 0MB) CPU [18%@1510,12%@1510,20%@1510,14%@1510,100%@1510,0%@1510] GR3D_FREQ 70% cpu@44.906C soc2@43.593C soc0@43C gpu@45.093C tj@45.093C soc1@42.843C VDD_IN 5396mW/5581mW VDD_CPU_GPU_CV 1545mW/1716mW VDD_SOC 1547mW/1547mW
11-20-2024 22:28:58 RAM 2305/7620MB (lfb 3x4MB) SWAP 0/3810MB (cached 0MB) CPU [18%@1510,22%@1510,12%@1510,11%@1510,100%@1510,2%@1510] GR3D_FREQ 44% cpu@45.125C soc2@43.625C soc0@43.093C gpu@45.125C tj@45.125C soc1@42.656C VDD_IN 5356mW/5549mW VDD_CPU_GPU_CV 1505mW/1686mW VDD_SOC 1547mW/1547mW
11-20-2024 22:28:59 RAM 2305/7620MB (lfb 3x4MB) SWAP 0/3810MB (cached 0MB) CPU [22%@1510,14%@1510,20%@1510,13%@1510,100%@1510,2%@1510] GR3D_FREQ 47% cpu@44.968C soc2@43.75C soc0@43C gpu@45.25C tj@45.25C soc1@42.656C VDD_IN 5396mW/5530mW VDD_CPU_GPU_CV 1545mW/1668mW VDD_SOC 1547mW/1547mW
11-20-2024 22:29:00 RAM 2305/7620MB (lfb 3x4MB) SWAP 0/3810MB (cached 0MB) CPU [13%@729,15%@729,11%@729,16%@729,100%@1510,0%@1510] GR3D_FREQ 57% cpu@45.25C soc2@43.812C soc0@43C gpu@44.906C tj@45.25C soc1@42.781C VDD_IN 5356mW/5511mW VDD_CPU_GPU_CV 1505mW/1650mW VDD_SOC 1547mW/1547mW
11-20-2024 22:29:01 RAM 2305/7620MB (lfb 3x4MB) SWAP 0/3810MB (cached 0MB) CPU [16%@729,15%@729,15%@729,16%@729,100%@1510,1%@1510] GR3D_FREQ 63% cpu@44.906C soc2@43.718C soc0@43.125C gpu@45C tj@45C soc1@42.906C VDD_IN 5396mW/5499mW VDD_CPU_GPU_CV 1505mW/1636mW VDD_SOC 1547mW/1547mW
11-20-2024 22:29:02 RAM 2305/7620MB (lfb 3x4MB) SWAP 0/3810MB (cached 0MB) CPU [17%@1510,8%@1510,19%@1510,12%@1510,100%@1510,0%@1510] GR3D_FREQ 37% cpu@45C soc2@43.781C soc0@43.218C gpu@45C tj@45.312C soc1@42.781C VDD_IN 5356mW/5486mW VDD_CPU_GPU_CV 1505mW/1624mW VDD_SOC 1547mW/1547mW
11-20-2024 22:29:03 RAM 2305/7620MB (lfb 3x4MB) SWAP 0/3810MB (cached 0MB) CPU [18%@729,14%@729,15%@729,15%@729,100%@1510,1%@1510] GR3D_FREQ 37% cpu@45.25C soc2@43.843C soc0@43.031C gpu@45.25C tj@45.25C soc1@42.75C VDD_IN 5396mW/5479mW VDD_CPU_GPU_CV 1505mW/1614mW VDD_SOC 1547mW/1547mW
11-20-2024 22:29:04 RAM 2300/7620MB (lfb 3x4MB) SWAP 0/3810MB (cached 0MB) CPU [20%@1510,15%@1510,15%@1510,13%@1510,100%@1510,4%@1510] GR3D_FREQ 75% cpu@45.031C soc2@43.937C soc0@43.125C gpu@45.406C tj@45.406C soc1@42.906C VDD_IN 5396mW/5472mW VDD_CPU_GPU_CV 1505mW/1606mW VDD_SOC 1547mW/1547mW
11-20-2024 22:29:05 RAM 2300/7620MB (lfb 3x4MB) SWAP 0/3810MB (cached 0MB) CPU [18%@1510,14%@1510,12%@1510,19%@1510,100%@1510,0%@1510] GR3D_FREQ 39% cpu@45.093C soc2@43.75C soc0@43.218C gpu@45.437C tj@45.437C soc1@42.875C VDD_IN 5396mW/5467mW VDD_CPU_GPU_CV 1505mW/1598mW VDD_SOC 1547mW/1547mW
11-20-2024 22:29:06 RAM 2304/7620MB (lfb 3x4MB) SWAP 0/3810MB (cached 0MB) CPU [25%@1510,21%@1510,26%@1510,18%@1510,100%@1510,2%@1510] GR3D_FREQ 69% cpu@45.187C soc2@43.937C soc0@43.25C gpu@45.531C tj@45.531C soc1@42.875C VDD_IN 5555mW/5473mW VDD_CPU_GPU_CV 1663mW/1603mW VDD_SOC 1547mW/1547mW
11-20-2024 22:29:07 RAM 2304/7620MB (lfb 3x4MB) SWAP 0/3810MB (cached 0MB) CPU [21%@1510,10%@1510,61%@1510,6%@1510,100%@1510,0%@1510] GR3D_FREQ 14% cpu@45.156C soc2@44C soc0@43.156C gpu@45.187C tj@45.187C soc1@42.875C VDD_IN 5555mW/5478mW VDD_CPU_GPU_CV 1663mW/1606mW VDD_SOC 1547mW/1547mW
11-20-2024 22:29:08 RAM 2304/7620MB (lfb 3x4MB) SWAP 0/3810MB (cached 0MB) CPU [18%@1036,39%@1036,38%@1036,8%@1036,100%@1510,0%@1510] GR3D_FREQ 40% cpu@45.562C soc2@44.062C soc0@43.218C gpu@45.25C tj@45.562C soc1@42.937C VDD_IN 5515mW/5480mW VDD_CPU_GPU_CV 1663mW/1610mW VDD_SOC 1547mW/1547mW
11-20-2024 22:29:09 RAM 2304/7620MB (lfb 3x4MB) SWAP 0/3810MB (cached 0MB) CPU [17%@1036,19%@1036,33%@1036,32%@1036,100%@1510,3%@1510] GR3D_FREQ 69% cpu@45.281C soc2@43.968C soc0@43.25C gpu@45.25C tj@45.281C soc1@43.031C VDD_IN 5555mW/5484mW VDD_CPU_GPU_CV 1663mW/1613mW VDD_SOC 1547mW/1547mW
11-20-2024 22:29:10 RAM 2304/7620MB (lfb 3x4MB) SWAP 0/3810MB (cached 0MB) CPU [12%@1036,13%@1036,25%@1036,36%@1036,100%@1510,13%@1510] GR3D_FREQ 30% cpu@45.375C soc2@44.156C soc0@43.406C gpu@45.375C tj@45.375C soc1@43.156C VDD_IN 5594mW/5490mW VDD_CPU_GPU_CV 1703mW/1617mW VDD_SOC 1547mW/1547mW
11-20-2024 22:29:11 RAM 2277/7620MB (lfb 3x4MB) SWAP 0/3810MB (cached 0MB) CPU [4%@1510,2%@1510,4%@1510,65%@1510,4%@729,1%@729] GR3D_FREQ 7% cpu@45.093C soc2@43.968C soc0@43.531C gpu@45.593C tj@45.593C soc1@43C VDD_IN 4665mW/5449mW VDD_CPU_GPU_CV 995mW/1586mW VDD_SOC 1393mW/1539mW
11-20-2024 22:29:12 RAM 2277/7620MB (lfb 3x4MB) SWAP 0/3810MB (cached 0MB) CPU [3%@1344,3%@1344,2%@1344,63%@1344,0%@729,1%@729] GR3D_FREQ 11% cpu@44.906C soc2@44C soc0@43.218C gpu@45.656C tj@45.656C soc1@42.968C VDD_IN 4585mW/5408mW VDD_CPU_GPU_CV 955mW/1556mW VDD_SOC 1355mW/1531mW
11-20-2024 22:29:13 RAM 2277/7620MB (lfb 3x4MB) SWAP 0/3810MB (cached 0MB) CPU [3%@1267,9%@1267,0%@1267,57%@1267,0%@729,1%@729] GR3D_FREQ 15% cpu@44.968C soc2@43.937C soc0@43.312C gpu@45.093C tj@45.093C soc1@43.062C VDD_IN 4585mW/5370mW VDD_CPU_GPU_CV 955mW/1529mW VDD_SOC 1355mW/1523mW
11-20-2024 22:29:14 RAM 2277/7620MB (lfb 3x4MB) SWAP 0/3810MB (cached 0MB) CPU [16%@1510,39%@1510,3%@1510,18%@1510,1%@729,2%@729] GR3D_FREQ 26% cpu@44.968C soc2@43.875C soc0@43.406C gpu@45.25C tj@45.25C soc1@43.093C VDD_IN 4625mW/5338mW VDD_CPU_GPU_CV 955mW/1504mW VDD_SOC 1353mW/1515mW
11-20-2024 22:29:15 RAM 2277/7620MB (lfb 3x4MB) SWAP 0/3810MB (cached 0MB) CPU [23%@1267,43%@1267,1%@1267,9%@1267,0%@729,2%@729] GR3D_FREQ 11% cpu@44.968C soc2@43.906C soc0@43.468C gpu@45.25C tj@45.25C soc1@42.937C VDD_IN 4585mW/5306mW VDD_CPU_GPU_CV 955mW/1481mW VDD_SOC 1355mW/1509mW
11-20-2024 22:29:16 RAM 2277/7620MB (lfb 3x4MB) SWAP 0/3810MB (cached 0MB) CPU [16%@1510,12%@1510,37%@1510,9%@1510,1%@729,1%@729] GR3D_FREQ 14% cpu@44.968C soc2@43.937C soc0@43.25C gpu@45.312C tj@45.312C soc1@43.031C VDD_IN 4552mW/5276mW VDD_CPU_GPU_CV 838mW/1455mW VDD_SOC 1397mW/1504mW
11-20-2024 22:29:17 RAM 2277/7620MB (lfb 3x4MB) SWAP 0/3810MB (cached 0MB) CPU [4%@1510,2%@1510,13%@1510,3%@1510,1%@729,1%@729] GR3D_FREQ 12% cpu@44.687C soc2@43.968C soc0@43.375C gpu@45.031C tj@45.031C soc1@43.031C VDD_IN 4400mW/5243mW VDD_CPU_GPU_CV 720mW/1427mW VDD_SOC 1400mW/1500mW
11-20-2024 22:29:18 RAM 2292/7620MB (lfb 3x4MB) SWAP 0/3810MB (cached 0MB) CPU [9%@729,8%@729,16%@729,9%@729,21%@1510,8%@1510] GR3D_FREQ 8% cpu@45.093C soc2@44C soc0@43.437C gpu@45.062C tj@45.093C soc1@43.187C VDD_IN 4792mW/5226mW VDD_CPU_GPU_CV 1076mW/1414mW VDD_SOC 1395mW/1496mW
11-20-2024 22:29:19 RAM 2311/7620MB (lfb 2x4MB) SWAP 0/3810MB (cached 0MB) CPU [16%@1510,18%@1510,18%@1510,12%@1510,100%@1510,2%@1510] GR3D_FREQ 36% cpu@45.437C soc2@44.25C soc0@43.531C gpu@45.281C tj@45.437C soc1@43C VDD_IN 5753mW/5245mW VDD_CPU_GPU_CV 1666mW/1423mW VDD_SOC 1587mW/1499mW
11-20-2024 22:29:20 RAM 2311/7620MB (lfb 2x4MB) SWAP 0/3810MB (cached 0MB) CPU [25%@1510,25%@1510,12%@1510,20%@1510,100%@1510,1%@1510] GR3D_FREQ 71% cpu@45.718C soc2@44.25C soc0@43.312C gpu@45.593C tj@45.718C soc1@43.125C VDD_IN 5872mW/5266mW VDD_CPU_GPU_CV 1743mW/1434mW VDD_SOC 1626mW/1504mW
11-20-2024 22:29:21 RAM 2311/7620MB (lfb 2x4MB) SWAP 0/3810MB (cached 0MB) CPU [16%@1510,21%@1510,17%@1510,18%@1510,100%@1510,7%@1510] GR3D_FREQ 51% cpu@45.375C soc2@44.218C soc0@43.468C gpu@45.562C tj@45.562C soc1@43.125C VDD_IN 5912mW/5288mW VDD_CPU_GPU_CV 1782mW/1446mW VDD_SOC 1626mW/1508mW
11-20-2024 22:29:22 RAM 2312/7620MB (lfb 2x4MB) SWAP 0/3810MB (cached 0MB) CPU [30%@1510,21%@1510,33%@1510,23%@1510,100%@1510,17%@1510] GR3D_FREQ 67% cpu@45.593C soc2@44.281C soc0@43.531C gpu@45.781C tj@45.781C soc1@43.281C VDD_IN 6071mW/5313mW VDD_CPU_GPU_CV 1901mW/1460mW VDD_SOC 1626mW/1512mW
11-20-2024 22:29:23 RAM 2312/7620MB (lfb 2x4MB) SWAP 0/3810MB (cached 0MB) CPU [14%@1510,23%@1510,9%@1510,14%@1510,100%@1510,0%@1510] GR3D_FREQ 60% cpu@45.656C soc2@44.25C soc0@43.687C gpu@45.468C tj@45.656C soc1@43.187C VDD_IN 5832mW/5329mW VDD_CPU_GPU_CV 1743mW/1469mW VDD_SOC 1626mW/1515mW
11-20-2024 22:29:24 RAM 2310/7620MB (lfb 2x4MB) SWAP 0/3810MB (cached 0MB) CPU [12%@729,14%@729,13%@729,18%@729,100%@1510,3%@1510] GR3D_FREQ 15% cpu@45.531C soc2@44.343C soc0@43.562C gpu@45.562C tj@45.562C soc1@43.281C VDD_IN 5832mW/5345mW VDD_CPU_GPU_CV 1743mW/1478mW VDD_SOC 1626mW/1519mW
11-20-2024 22:29:25 RAM 2310/7620MB (lfb 2x4MB) SWAP 0/3810MB (cached 0MB) CPU [15%@729,15%@729,12%@1510,21%@1510,100%@1510,5%@1510] GR3D_FREQ 56% cpu@45.625C soc2@44.437C soc0@43.656C gpu@45.593C tj@45.625C soc1@43.375C VDD_IN 5832mW/5359mW VDD_CPU_GPU_CV 1743mW/1485mW VDD_SOC 1626mW/1522mW
11-20-2024 22:29:26 RAM 2310/7620MB (lfb 2x4MB) SWAP 0/3810MB (cached 0MB) CPU [16%@1510,19%@1510,26%@729,11%@729,100%@1510,3%@1510] GR3D_FREQ 23% cpu@45.656C soc2@44.375C soc0@43.687C gpu@45.812C tj@45.875C soc1@43.5C VDD_IN 5832mW/5372mW VDD_CPU_GPU_CV 1782mW/1494mW VDD_SOC 1626mW/1525mW
11-20-2024 22:29:27 RAM 2310/7620MB (lfb 2x4MB) SWAP 0/3810MB (cached 0MB) CPU [20%@729,22%@729,18%@729,34%@729,100%@1510,1%@1510] GR3D_FREQ 42% cpu@45.718C soc2@44.437C soc0@43.906C gpu@45.843C tj@46.125C soc1@43.312C VDD_IN 5872mW/5386mW VDD_CPU_GPU_CV 1782mW/1502mW VDD_SOC 1626mW/1528mW
11-20-2024 22:29:28 RAM 2310/7620MB (lfb 2x4MB) SWAP 0/3810MB (cached 0MB) CPU [20%@1510,27%@1510,26%@1510,24%@1510,100%@1510,1%@1510] GR3D_FREQ 56% cpu@45.843C soc2@44.375C soc0@43.562C gpu@45.593C tj@45.843C soc1@43.375C VDD_IN 5872mW/5399mW VDD_CPU_GPU_CV 1822mW/1510mW VDD_SOC 1626mW/1530mW
11-20-2024 22:29:29 RAM 2310/7620MB (lfb 2x4MB) SWAP 0/3810MB (cached 0MB) CPU [25%@1510,43%@1510,21%@1510,12%@1510,100%@1510,0%@1510] GR3D_FREQ 44% cpu@45.687C soc2@44.593C soc0@43.781C gpu@45.687C tj@45.687C soc1@43.406C VDD_IN 5952mW/5414mW VDD_CPU_GPU_CV 1861mW/1520mW VDD_SOC 1626mW/1533mW
11-20-2024 22:29:30 RAM 2280/7620MB (lfb 2x4MB) SWAP 0/3810MB (cached 0MB) CPU [18%@1510,14%@1510,18%@1510,42%@1510,36%@729,4%@729] GR3D_FREQ 7% cpu@45.406C soc2@44.437C soc0@43.812C gpu@45.656C tj@45.656C soc1@43.593C VDD_IN 4824mW/5399mW VDD_CPU_GPU_CV 1074mW/1508mW VDD_SOC 1435mW/1530mW
11-20-2024 22:29:31 RAM 2281/7620MB (lfb 2x4MB) SWAP 0/3810MB (cached 0MB) CPU [23%@1510,26%@1510,19%@1510,25%@1510,8%@729,4%@729] GR3D_FREQ 11% cpu@45.437C soc2@44.375C soc0@43.937C gpu@45.875C tj@45.875C soc1@43.375C VDD_IN 4704mW/5381mW VDD_CPU_GPU_CV 956mW/1494mW VDD_SOC 1395mW/1527mW
11-20-2024 22:29:32 RAM 2281/7620MB (lfb 2x4MB) SWAP 0/3810MB (cached 0MB) CPU [4%@729,2%@729,14%@729,2%@729,2%@729,0%@729] GR3D_FREQ 7% cpu@45.593C soc2@44.343C soc0@43.718C gpu@45.843C tj@45.843C soc1@43.375C VDD_IN 4366mW/5357mW VDD_CPU_GPU_CV 720mW/1476mW VDD_SOC 1362mW/1523mW
11-20-2024 22:29:33 RAM 2281/7620MB (lfb 2x4MB) SWAP 0/3810MB (cached 0MB) CPU [5%@1510,4%@1510,9%@1510,4%@1510,9%@729,2%@729] GR3D_FREQ 7% cpu@45.156C soc2@44.343C soc0@43.812C gpu@45.781C tj@45.781C soc1@43.437C VDD_IN 4326mW/5332mW VDD_CPU_GPU_CV 721mW/1458mW VDD_SOC 1362mW/1519mW
11-20-2024 22:29:34 RAM 2281/7620MB (lfb 2x4MB) SWAP 0/3810MB (cached 0MB) CPU [4%@729,1%@729,5%@729,0%@729,4%@729,15%@729] GR3D_FREQ 7% cpu@45.187C soc2@44.187C soc0@43.843C gpu@45.875C tj@45.875C soc1@43.562C VDD_IN 4326mW/5309mW VDD_CPU_GPU_CV 720mW/1440mW VDD_SOC 1362mW/1515mW
11-20-2024 22:29:35 RAM 2281/7620MB (lfb 2x4MB) SWAP 0/3810MB (cached 0MB) CPU [4%@1510,0%@1510,0%@1510,0%@1510,3%@729,17%@729] GR3D_FREQ 7% cpu@45.5C soc2@44.312C soc0@43.906C gpu@45.5C tj@45.5C soc1@43.406C VDD_IN 4286mW/5286mW VDD_CPU_GPU_CV 681mW/1423mW VDD_SOC 1362mW/1512mW
11-20-2024 22:29:36 RAM 2281/7620MB (lfb 2x4MB) SWAP 0/3810MB (cached 0MB) CPU [10%@729,4%@729,12%@729,7%@729,8%@729,2%@729] GR3D_FREQ 7% cpu@45.156C soc2@44.375C soc0@43.687C gpu@45.562C tj@45.562C soc1@43.343C VDD_IN 4360mW/5265mW VDD_CPU_GPU_CV 720mW/1408mW VDD_SOC 1360mW/1508mW
11-20-2024 22:29:37 RAM 2281/7620MB (lfb 2x4MB) SWAP 0/3810MB (cached 0MB) CPU [11%@729,10%@729,6%@729,4%@729,0%@729,1%@729] GR3D_FREQ 8% cpu@45.593C soc2@44.343C soc0@43.781C gpu@45.593C tj@45.812C soc1@43.406C VDD_IN 4366mW/5245mW VDD_CPU_GPU_CV 720mW/1393mW VDD_SOC 1362mW/1505mW
11-20-2024 22:29:38 RAM 2281/7620MB (lfb 2x4MB) SWAP 0/3810MB (cached 0MB) CPU [8%@1510,8%@1510,11%@1510,4%@1510,0%@729,0%@729] GR3D_FREQ 7% cpu@45.218C soc2@44.437C soc0@43.843C gpu@45.906C tj@45.906C soc1@43.5C VDD_IN 4407mW/5228mW VDD_CPU_GPU_CV 720mW/1378mW VDD_SOC 1400mW/1503mW
11-20-2024 22:29:39 RAM 2284/7620MB (lfb 2x4MB) SWAP 0/3810MB (cached 0MB) CPU [6%@1420,9%@1420,6%@1420,3%@1420,5%@729,4%@729] GR3D_FREQ 38% cpu@45.406C soc2@44.375C soc0@43.906C gpu@45.937C tj@45.937C soc1@43.375C VDD_IN 4480mW/5212mW VDD_CPU_GPU_CV 798mW/1366mW VDD_SOC 1400mW/1501mW
11-20-2024 22:29:40 RAM 2302/7620MB (lfb 2x4MB) SWAP 0/3810MB (cached 0MB) CPU [24%@729,51%@729,24%@729,24%@729,67%@1510,9%@1510] GR3D_FREQ 48% cpu@46.031C soc2@44.562C soc0@43.781C gpu@45.781C tj@46.031C soc1@43.406C VDD_IN 5555mW/5219mW VDD_CPU_GPU_CV 1626mW/1372mW VDD_SOC 1587mW/1503mW
11-20-2024 22:29:41 RAM 2302/7620MB (lfb 2x4MB) SWAP 0/3810MB (cached 0MB) CPU [22%@1510,18%@1510,10%@1510,16%@1510,100%@1510,2%@1510] GR3D_FREQ 31% cpu@45.687C soc2@44.437C soc0@43.906C gpu@45.812C tj@45.812C soc1@43.656C VDD_IN 5674mW/5228mW VDD_CPU_GPU_CV 1703mW/1378mW VDD_SOC 1587mW/1504mW
11-20-2024 22:29:42 RAM 2278/7620MB (lfb 2x4MB) SWAP 0/3810MB (cached 0MB) CPU [11%@729,13%@729,9%@729,15%@729,42%@729,9%@729] GR3D_FREQ 51% cpu@45.468C soc2@44.468C soc0@43.875C gpu@46.156C tj@46.156C soc1@43.437C VDD_IN 4824mW/5220mW VDD_CPU_GPU_CV 1036mW/1371mW VDD_SOC 1435mW/1503mW
11-20-2024 22:29:43 RAM 2278/7620MB (lfb 2x4MB) SWAP 0/3810MB (cached 0MB) CPU [7%@1510,3%@1510,0%@1510,6%@1510,3%@729,12%@729] GR3D_FREQ 7% cpu@45.531C soc2@44.437C soc0@44.031C gpu@45.562C tj@45.562C soc1@43.5C VDD_IN 4400mW/5204mW VDD_CPU_GPU_CV 760mW/1360mW VDD_SOC 1400mW/1501mW
11-20-2024 22:29:44 RAM 2278/7620MB (lfb 2x4MB) SWAP 0/3810MB (cached 0MB) CPU [6%@729,7%@729,3%@729,8%@729,1%@729,0%@729] GR3D_FREQ 10% cpu@45.75C soc2@44.468C soc0@43.812C gpu@45.562C tj@45.75C soc1@43.437C VDD_IN 4366mW/5189mW VDD_CPU_GPU_CV 721mW/1348mW VDD_SOC 1362mW/1498mW
11-20-2024 22:29:45 RAM 2278/7620MB (lfb 2x4MB) SWAP 0/3810MB (cached 0MB) CPU [8%@1510,9%@1510,8%@1510,4%@1510,0%@729,0%@729] GR3D_FREQ 12% cpu@45.187C soc2@44.312C soc0@43.906C gpu@45.75C tj@45.75C soc1@43.593C VDD_IN 4407mW/5174mW VDD_CPU_GPU_CV 760mW/1337mW VDD_SOC 1360mW/1496mW
11-20-2024 22:29:46 RAM 2278/7620MB (lfb 2x4MB) SWAP 0/3810MB (cached 0MB) CPU [8%@729,3%@729,12%@729,12%@729,0%@729,0%@729] GR3D_FREQ 20% cpu@45.375C soc2@44.375C soc0@43.937C gpu@45.75C tj@45.75C soc1@43.406C VDD_IN 4366mW/5159mW VDD_CPU_GPU_CV 761mW/1326mW VDD_SOC 1362mW/1493mW
11-20-2024 22:29:47 RAM 2279/7620MB (lfb 2x4MB) SWAP 0/3810MB (cached 0MB) CPU [10%@1420,11%@1420,11%@1420,9%@1420,0%@729,1%@729] GR3D_FREQ 53% cpu@45.656C soc2@44.437C soc0@43.812C gpu@45.562C tj@45.656C soc1@43.5C VDD_IN 4480mW/5147mW VDD_CPU_GPU_CV 800mW/1317mW VDD_SOC 1400mW/1492mW
11-20-2024 22:29:48 RAM 2299/7620MB (lfb 2x4MB) SWAP 0/3810MB (cached 0MB) CPU [28%@1510,17%@1510,21%@1510,100%@1510,8%@729,10%@729] GR3D_FREQ 26% cpu@45.562C soc2@44.531C soc0@43.875C gpu@45.75C tj@45.75C soc1@43.437C VDD_IN 5317mW/5150mW VDD_CPU_GPU_CV 1465mW/1319mW VDD_SOC 1547mW/1493mW
11-20-2024 22:29:49 RAM 2299/7620MB (lfb 2x4MB) SWAP 0/3810MB (cached 0MB) CPU [13%@1510,9%@1510,11%@1510,100%@1510,9%@729,4%@729] GR3D_FREQ 47% cpu@45.75C soc2@44.656C soc0@43.875C gpu@45.781C tj@45.781C soc1@43.656C VDD_IN 5396mW/5154mW VDD_CPU_GPU_CV 1505mW/1323mW VDD_SOC 1545mW/1494mW
11-20-2024 22:29:50 RAM 2299/7620MB (lfb 2x4MB) SWAP 0/3810MB (cached 0MB) CPU [23%@1510,13%@1510,15%@1510,100%@1510,2%@729,2%@729] GR3D_FREQ 68% cpu@45.625C soc2@44.718C soc0@43.937C gpu@45.843C tj@45.843C soc1@43.718C VDD_IN 5396mW/5159mW VDD_CPU_GPU_CV 1545mW/1326mW VDD_SOC 1545mW/1494mW
11-20-2024 22:29:51 RAM 2278/7620MB (lfb 2x4MB) SWAP 0/3810MB (cached 0MB) CPU [21%@1510,19%@1510,12%@1510,92%@1510,1%@729,0%@729] GR3D_FREQ 58% cpu@45.656C soc2@44.531C soc0@43.906C gpu@45.937C tj@45.937C soc1@43.531C VDD_IN 5317mW/5161mW VDD_CPU_GPU_CV 1426mW/1328mW VDD_SOC 1547mW/1495mW
11-20-2024 22:29:52 RAM 2272/7620MB (lfb 2x4MB) SWAP 0/3810MB (cached 0MB) CPU [11%@729,6%@729,2%@729,0%@729,12%@729,3%@729] GR3D_FREQ 16% cpu@45.812C soc2@44.5C soc0@43.906C gpu@45.906C tj@45.906C soc1@43.656C VDD_IN 4447mW/5150mW VDD_CPU_GPU_CV 800mW/1319mW VDD_SOC 1400mW/1494mW
11-20-2024 22:29:53 RAM 2273/7620MB (lfb 2x4MB) SWAP 0/3810MB (cached 0MB) CPU [14%@1036,13%@1036,10%@1036,20%@1036,20%@729,20%@729] GR3D_FREQ 37% cpu@45.531C soc2@44.562C soc0@43.906C gpu@46C tj@46C soc1@43.625C VDD_IN 4976mW/5147mW VDD_CPU_GPU_CV 1154mW/1317mW VDD_SOC 1433mW/1493mW
11-20-2024 22:29:54 RAM 2273/7620MB (lfb 2x4MB) SWAP 0/3810MB (cached 0MB) CPU [2%@1510,1%@1510,3%@1510,83%@1510,0%@729,0%@729] GR3D_FREQ 6% cpu@45.593C soc2@44.468C soc0@44.062C gpu@45.718C tj@45.718C soc1@43.75C VDD_IN 4761mW/5141mW VDD_CPU_GPU_CV 1148mW/1314mW VDD_SOC 1468mW/1492mW
11-20-2024 22:29:55 RAM 2274/7620MB (lfb 2x4MB) SWAP 0/3810MB (cached 0MB) CPU [3%@1510,5%@1510,37%@1510,49%@1510,10%@729,7%@729] GR3D_FREQ 6% cpu@45.75C soc2@44.593C soc0@44.031C gpu@45.875C tj@45.875C soc1@43.562C VDD_IN 4920mW/5137mW VDD_CPU_GPU_CV 1307mW/1314mW VDD_SOC 1468mW/1492mW
11-20-2024 22:29:56 RAM 2274/7620MB (lfb 2x4MB) SWAP 0/3810MB (cached 0MB) CPU [9%@1510,11%@1510,30%@1510,5%@1510,0%@729,2%@729] GR3D_FREQ 8% cpu@45.375C soc2@44.656C soc0@43.906C gpu@45.75C tj@45.75C soc1@43.625C VDD_IN 4480mW/5127mW VDD_CPU_GPU_CV 838mW/1307mW VDD_SOC 1397mW/1491mW
11-20-2024 22:29:57 RAM 2274/7620MB (lfb 2x4MB) SWAP 0/3810MB (cached 0MB) CPU [20%@729,23%@729,13%@729,1%@729,0%@729,0%@729] GR3D_FREQ 8% cpu@45.437C soc2@44.656C soc0@43.937C gpu@45.968C tj@45.968C soc1@43.718C VDD_IN 4440mW/5117mW VDD_CPU_GPU_CV 798mW/1299mW VDD_SOC 1360mW/1489mW
11-20-2024 22:29:58 RAM 2274/7620MB (lfb 2x4MB) SWAP 0/3810MB (cached 0MB) CPU [26%@883,17%@883,21%@883,9%@883,6%@729,11%@729] GR3D_FREQ 27% cpu@45.718C soc2@44.593C soc0@44C gpu@45.968C tj@45.968C soc1@43.593C VDD_IN 4632mW/5109mW VDD_CPU_GPU_CV 917mW/1293mW VDD_SOC 1395mW/1487mW
11-20-2024 22:29:59 RAM 2275/7620MB (lfb 2x4MB) SWAP 0/3810MB (cached 0MB) CPU [35%@1190,41%@1190,43%@1190,31%@1190,33%@729,40%@729] GR3D_FREQ 48% cpu@46.156C soc2@44.687C soc0@43.906C gpu@45.875C tj@46.156C soc1@43.593C VDD_IN 5206mW/5111mW VDD_CPU_GPU_CV 1309mW/1294mW VDD_SOC 1470mW/1487mW
11-20-2024 22:30:00 RAM 2276/7620MB (lfb 2x4MB) SWAP 0/3810MB (cached 0MB) CPU [31%@1510,44%@1510,43%@1510,30%@1510,49%@729,27%@729] GR3D_FREQ 12% cpu@45.656C soc2@44.687C soc0@44.062C gpu@45.875C tj@45.875C soc1@43.656C VDD_IN 5594mW/5118mW VDD_CPU_GPU_CV 1545mW/1297mW VDD_SOC 1547mW/1488mW
11-20-2024 22:30:01 RAM 2281/7620MB (lfb 2x4MB) SWAP 0/3810MB (cached 0MB) CPU [41%@1510,35%@1510,20%@1510,15%@1510,20%@729,14%@729] GR3D_FREQ 7% cpu@45.593C soc2@44.781C soc0@44.031C gpu@45.937C tj@45.937C soc1@43.75C VDD_IN 5118mW/5118mW VDD_CPU_GPU_CV 1346mW/1298mW VDD_SOC 1505mW/1488mW
11-20-2024 22:30:02 RAM 2281/7620MB (lfb 2x4MB) SWAP 0/3810MB (cached 0MB) CPU [47%@1510,22%@1510,21%@1510,22%@1510,19%@729,20%@729] GR3D_FREQ 42% cpu@45.656C soc2@44.687C soc0@44.156C gpu@45.906C tj@45.906C soc1@43.875C VDD_IN 5015mW/5116mW VDD_CPU_GPU_CV 1152mW/1296mW VDD_SOC 1470mW/1488mW
11-20-2024 22:30:03 RAM 2281/7620MB (lfb 2x4MB) SWAP 0/3810MB (cached 0MB) CPU [19%@729,26%@729,12%@729,11%@729,17%@729,16%@729] GR3D_FREQ 29% cpu@45.718C soc2@44.625C soc0@44.156C gpu@46.125C tj@46.125C soc1@43.75C VDD_IN 4697mW/5111mW VDD_CPU_GPU_CV 953mW/1291mW VDD_SOC 1393mW/1486mW
